{
  "indices": [
    5102,
    16264,
    32946,
    25627,
    4762,
    3767,
    27758,
    29267,
    33469,
    26355,
    6788,
    6120,
    25590,
    24715,
    25707,
    10998,
    8839,
    31679,
    13888,
    21124,
    36158,
    8884,
    34710,
    21672,
    7172,
    30804,
    5465,
    21466,
    31710,
    6444,
    25615,
    16729,
    9562,
    30983,
    10126,
    443,
    18492,
    3129,
    10483,
    11560,
    18702,
    31393,
    26974,
    2950,
    32176,
    9265,
    1103,
    26364,
    8775,
    14004
  ],
  "shap_values": [
    [
      -0.45342010259628296,
      -0.26327279210090637
    ],
    [
      -0.45342010259628296,
      -0.17541643977165222
    ],
    [
      -0.45342010259628296,
      -0.17541643977165222
    ],
    [
      1.178357481956482,
      0.7736349105834961
    ],
    [
      0.8395903706550598,
      -0.17541643977165222
    ],
    [
      0.8170698881149292,
      1.209593653678894
    ],
    [
      -0.45342010259628296,
      -0.26327279210090637
    ],
    [
      -0.45342010259628296,
      0.7736349105834961
    ],
    [
      1.178357481956482,
      -0.17541643977165222
    ],
    [
      1.178357481956482,
      -0.17541643977165222
    ],
    [
      -0.45342010259628296,
      -0.17541643977165222
    ],
    [
      -0.45342010259628296,
      -0.17541643977165222
    ],
    [
      -0.45342010259628296,
      -0.17541643977165222
    ],
    [
      0.8395903706550598,
      -0.26327279210090637
    ],
    [
      0.8395903706550598,
      1.2494566440582275
    ],
    [
      -0.45342010259628296,
      -0.17541643977165222
    ],
    [
      -0.45342010259628296,
      -0.17541643977165222
    ],
    [
      1.178357481956482,
      -0.17541643977165222
    ],
    [
      -0.45342010259628296,
      -0.17541643977165222
    ],
    [
      -0.45342010259628296,
      -0.17541643977165222
    ],
    [
      1.178357481956482,
      -0.17541643977165222
    ],
    [
      -0.45342010259628296,
      -0.17541643977165222
    ],
    [
      0.49105972051620483,
      0.9740234017372131
    ],
    [
      -0.45342010259628296,
      -0.17541643977165222
    ],
    [
      -0.45342010259628296,
      -0.17541643977165222
    ],
    [
      1.178357481956482,
      -0.17541643977165222
    ],
    [
      1.178357481956482,
      1.209593653678894
    ],
    [
      -0.45342010259628296,
      -0.17541643977165222
    ],
    [
      0.9503459334373474,
      -0.17541643977165222
    ],
    [
      0.8395903706550598,
      -0.17541643977165222
    ],
    [
      0.8395903706550598,
      1.209593653678894
    ],
    [
      0.7337108254432678,
      -0.17541643977165222
    ],
    [
      -0.45342010259628296,
      -0.17541643977165222
    ],
    [
      -0.45342010259628296,
      -0.26327279210090637
    ],
    [
      -0.45342010259628296,
      -0.26327279210090637
    ],
    [
      1.178357481956482,
      -0.17541643977165222
    ],
    [
      -0.45342010259628296,
      -0.17541643977165222
    ],
    [
      1.178357481956482,
      1.174159288406372
    ],
    [
      -0.45342010259628296,
      1.144507646560669
    ],
    [
      1.178357481956482,
      -0.26327279210090637
    ],
    [
      -0.45342010259628296,
      1.1455111503601074
    ],
    [
      -0.45342010259628296,
      -0.17541643977165222
    ],
    [
      1.178357481956482,
      1.1455111503601074
    ],
    [
      0.9503459334373474,
      0.7736349105834961
    ],
    [
      0.9478346109390259,
      0.5211415886878967
    ],
    [
      -0.45342010259628296,
      -0.26327279210090637
    ],
    [
      1.178357481956482,
      -0.17541643977165222
    ],
    [
      1.178357481956482,
      0.5211415886878967
    ],
    [
      -0.45342010259628296,
      -0.17541643977165222
    ],
    [
      -0.45342010259628296,
      -0.17541643977165222
    ]
  ],
  "feature_names": [
    "num__nkill",
    "num__nwound"
  ],
  "base_values": [
    2.097874164581299,
    2.097874164581299,
    2.097874164581299,
    2.097874164581299,
    2.097874164581299,
    2.097874164581299,
    2.097874164581299,
    2.097874164581299,
    2.097874164581299,
    2.097874164581299,
    2.097874164581299,
    2.097874164581299,
    2.097874164581299,
    2.097874164581299,
    2.097874164581299,
    2.097874164581299,
    2.097874164581299,
    2.097874164581299,
    2.097874164581299,
    2.097874164581299,
    2.097874164581299,
    2.097874164581299,
    2.097874164581299,
    2.097874164581299,
    2.097874164581299,
    2.097874164581299,
    2.097874164581299,
    2.097874164581299,
    2.097874164581299,
    2.097874164581299,
    2.097874164581299,
    2.097874164581299,
    2.097874164581299,
    2.097874164581299,
    2.097874164581299,
    2.097874164581299,
    2.097874164581299,
    2.097874164581299,
    2.097874164581299,
    2.097874164581299,
    2.097874164581299,
    2.097874164581299,
    2.097874164581299,
    2.097874164581299,
    2.097874164581299,
    2.097874164581299,
    2.097874164581299,
    2.097874164581299,
    2.097874164581299,
    2.097874164581299
  ]
}