{
  "accuracy": 0.8894300888852197,
  "f1_score": 0.9414797553160501,
  "precision": 0.8895769685960422,
  "recall": 0.9998143966343923,
  "roc_auc": 0.7095998059275941,
  "target": "success",
  "n_samples_train": 145352,
  "n_samples_test": 36339,
  "feature_names": [
    "nkill",
    "nwound"
  ]
}