{
  "indices": [
    27216,
    6104,
    33435,
    35137,
    24409,
    19455,
    12664,
    11418,
    3685,
    33589,
    19634,
    33592,
    25757,
    2246,
    17143,
    23182,
    32510,
    2419,
    9338,
    23652,
    6555,
    31820,
    19253,
    16306,
    3374,
    32266,
    14489,
    33835,
    15516,
    15408,
    18008,
    22371,
    34380,
    25668,
    8643,
    15598,
    18928,
    27913,
    19672,
    5543,
    6103,
    32435,
    16107,
    32580,
    18953,
    26483,
    30521,
    15277,
    24301,
    8904
  ],
  "shap_values": [
    [
      -0.05156784048125324,
      0.05156784048123236
    ],
    [
      -0.06211362464671565,
      0.062113624646691824
    ],
    [
      -0.08956454966623738,
      0.08956454966620815
    ],
    [
      0.02243199681138465,
      -0.022431996811387335
    ],
    [
      -0.06675519920152037,
      0.06675519920149643
    ],
    [
      0.02243199681138465,
      -0.022431996811387335
    ],
    [
      0.02243199681138465,
      -0.022431996811387335
    ],
    [
      0.0224089645118992,
      -0.022408964511902912
    ],
    [
      0.02243199681138465,
      -0.022431996811387335
    ],
    [
      0.02243199681138465,
      -0.022431996811387335
    ],
    [
      0.010227161110881384,
      -0.010227161110879776
    ],
    [
      0.02243199681138465,
      -0.022431996811387335
    ],
    [
      -0.050874218153895784,
      0.05087421815387572
    ],
    [
      0.02243199681138465,
      -0.022431996811387335
    ],
    [
      -0.04915485560073004,
      0.0491548556007101
    ],
    [
      0.02243199681138465,
      -0.022431996811387335
    ],
    [
      0.02243199681138465,
      -0.022431996811387335
    ],
    [
      0.023211163933241272,
      -0.023211163933245474
    ],
    [
      -0.06119616522616453,
      0.061196165226142483
    ],
    [
      0.02243199681138465,
      -0.022431996811387335
    ],
    [
      0.02243199681138465,
      -0.022431996811387335
    ],
    [
      0.010227161110881384,
      -0.010227161110879776
    ],
    [
      0.012371076975649055,
      -0.012371076975646732
    ],
    [
      0.02243199681138465,
      -0.022431996811387335
    ],
    [
      0.02243199681138465,
      -0.022431996811387335
    ],
    [
      0.02243199681138465,
      -0.022431996811387335
    ],
    [
      0.031796293856888036,
      -0.03179629385689642
    ],
    [
      0.010227161110881384,
      -0.010227161110879776
    ],
    [
      0.02243199681138465,
      -0.022431996811387335
    ],
    [
      0.02243199681138465,
      -0.022431996811387335
    ],
    [
      0.02243199681138465,
      -0.022431996811387335
    ],
    [
      -0.01867229179357476,
      0.018672291793574144
    ],
    [
      0.02243199681138465,
      -0.022431996811387335
    ],
    [
      0.011879047353997784,
      -0.011879047353995646
    ],
    [
      0.02243199681138465,
      -0.022431996811387335
    ],
    [
      -0.05060972209708807,
      0.050609722097067836
    ],
    [
      0.012371076975649055,
      -0.012371076975646732
    ],
    [
      -0.05261476899842521,
      0.05261476899840452
    ],
    [
      0.014959631561809992,
      -0.014959631561807255
    ],
    [
      -0.04915485560073004,
      0.0491548556007101
    ],
    [
      0.02243199681138465,
      -0.022431996811387335
    ],
    [
      0.02243199681138465,
      -0.022431996811387335
    ],
    [
      0.015216535749727299,
      -0.015216535749724593
    ],
    [
      0.02243199681138465,
      -0.022431996811387335
    ],
    [
      0.02243199681138465,
      -0.022431996811387335
    ],
    [
      0.010227161110881384,
      -0.010227161110879776
    ],
    [
      0.02243199681138465,
      -0.022431996811387335
    ],
    [
      0.0224089645118992,
      -0.022408964511902912
    ],
    [
      -0.08956454966623738,
      0.08956454966620815
    ],
    [
      0.010227161110881384,
      -0.010227161110879776
    ]
  ],
  "feature_names": [
    "num__nkill",
    "num__nwound"
  ],
  "base_values": [
    [
      0.11035441548791902,
      0.8896455845120815
    ],
    [
      0.11035441548791902,
      0.8896455845120815
    ],
    [
      0.11035441548791902,
      0.8896455845120815
    ],
    [
      0.11035441548791902,
      0.8896455845120815
    ],
    [
      0.11035441548791902,
      0.8896455845120815
    ],
    [
      0.11035441548791902,
      0.8896455845120815
    ],
    [
      0.11035441548791902,
      0.8896455845120815
    ],
    [
      0.11035441548791902,
      0.8896455845120815
    ],
    [
      0.11035441548791902,
      0.8896455845120815
    ],
    [
      0.11035441548791902,
      0.8896455845120815
    ],
    [
      0.11035441548791902,
      0.8896455845120815
    ],
    [
      0.11035441548791902,
      0.8896455845120815
    ],
    [
      0.11035441548791902,
      0.8896455845120815
    ],
    [
      0.11035441548791902,
      0.8896455845120815
    ],
    [
      0.11035441548791902,
      0.8896455845120815
    ],
    [
      0.11035441548791902,
      0.8896455845120815
    ],
    [
      0.11035441548791902,
      0.8896455845120815
    ],
    [
      0.11035441548791902,
      0.8896455845120815
    ],
    [
      0.11035441548791902,
      0.8896455845120815
    ],
    [
      0.11035441548791902,
      0.8896455845120815
    ],
    [
      0.11035441548791902,
      0.8896455845120815
    ],
    [
      0.11035441548791902,
      0.8896455845120815
    ],
    [
      0.11035441548791902,
      0.8896455845120815
    ],
    [
      0.11035441548791902,
      0.8896455845120815
    ],
    [
      0.11035441548791902,
      0.8896455845120815
    ],
    [
      0.11035441548791902,
      0.8896455845120815
    ],
    [
      0.11035441548791902,
      0.8896455845120815
    ],
    [
      0.11035441548791902,
      0.8896455845120815
    ],
    [
      0.11035441548791902,
      0.8896455845120815
    ],
    [
      0.11035441548791902,
      0.8896455845120815
    ],
    [
      0.11035441548791902,
      0.8896455845120815
    ],
    [
      0.11035441548791902,
      0.8896455845120815
    ],
    [
      0.11035441548791902,
      0.8896455845120815
    ],
    [
      0.11035441548791902,
      0.8896455845120815
    ],
    [
      0.11035441548791902,
      0.8896455845120815
    ],
    [
      0.11035441548791902,
      0.8896455845120815
    ],
    [
      0.11035441548791902,
      0.8896455845120815
    ],
    [
      0.11035441548791902,
      0.8896455845120815
    ],
    [
      0.11035441548791902,
      0.8896455845120815
    ],
    [
      0.11035441548791902,
      0.8896455845120815
    ],
    [
      0.11035441548791902,
      0.8896455845120815
    ],
    [
      0.11035441548791902,
      0.8896455845120815
    ],
    [
      0.11035441548791902,
      0.8896455845120815
    ],
    [
      0.11035441548791902,
      0.8896455845120815
    ],
    [
      0.11035441548791902,
      0.8896455845120815
    ],
    [
      0.11035441548791902,
      0.8896455845120815
    ],
    [
      0.11035441548791902,
      0.8896455845120815
    ],
    [
      0.11035441548791902,
      0.8896455845120815
    ],
    [
      0.11035441548791902,
      0.8896455845120815
    ],
    [
      0.11035441548791902,
      0.8896455845120815
    ]
  ]
}