{
  "indices": [
    1318,
    379,
    602,
    1104,
    752,
    431,
    306,
    907,
    850,
    990,
    614,
    145,
    1609,
    1718,
    1492,
    6,
    314,
    1647,
    404,
    1546,
    1243,
    386,
    640,
    1564,
    709,
    372,
    790,
    1249,
    49,
    1301,
    1313,
    1650,
    1401,
    1454,
    837,
    1329,
    999,
    1008,
    583,
    1041,
    374,
    1368,
    1593,
    567,
    476,
    1532,
    408,
    500,
    817,
    1282
  ],
  "shap_values": [
    [
      0.43622030833135694,
      -0.43622030833135605
    ],
    [
      -0.15840156825275373,
      0.15840156825275498
    ],
    [
      -0.20776088825595754,
      0.20776088825595765
    ],
    [
      -0.2063239406949542,
      0.2063239406949534
    ],
    [
      -0.16904811321907626,
      0.1690481132190766
    ],
    [
      -0.16985130966838602,
      0.16985130966838666
    ],
    [
      -0.22660295485795195,
      0.2266029548579507
    ],
    [
      0.4652416252969321,
      -0.4652416252969325
    ],
    [
      -0.16952129417291006,
      0.16952129417290707
    ],
    [
      0.4373363153114331,
      -0.4373363153114336
    ],
    [
      -0.1577922258422179,
      0.15779222584221828
    ],
    [
      0.5106529385960051,
      -0.5106529385960056
    ],
    [
      0.486013292235658,
      -0.4860132922356589
    ],
    [
      0.4723757576449755,
      -0.4723757576449759
    ],
    [
      -0.17376083921259064,
      0.17376083921258975
    ],
    [
      0.47848031640527655,
      -0.47848031640527683
    ],
    [
      -0.15436907623381388,
      0.15436907623381482
    ],
    [
      0.428561508465141,
      -0.42856150846514096
    ],
    [
      -0.2145033119530173,
      0.21450331195301817
    ],
    [
      -0.21114670451704598,
      0.2111467045170466
    ],
    [
      -0.17588876843725862,
      0.17588876843725823
    ],
    [
      0.47093614031839753,
      -0.4709361403183979
    ],
    [
      -0.1488116574628001,
      0.1488116574628009
    ],
    [
      0.4847567911775327,
      -0.4847567911775335
    ],
    [
      -0.1696458643270938,
      0.16964586432709347
    ],
    [
      -0.17424718907511264,
      0.17424718907511105
    ],
    [
      -0.15960141688807022,
      0.15960141688806972
    ],
    [
      0.5458231868708029,
      -0.545823186870802
    ],
    [
      0.4575042076638703,
      -0.457504207663871
    ],
    [
      -0.17528630124454314,
      0.175286301244543
    ],
    [
      -0.14872584284260762,
      0.14872584284260723
    ],
    [
      0.4405149544830975,
      -0.44051495448309674
    ],
    [
      0.427522549915922,
      -0.42752254991592187
    ],
    [
      0.5073939873432394,
      -0.5073939873432404
    ],
    [
      -0.17331560564988788,
      0.17331560564988707
    ],
    [
      -0.1662514610208986,
      0.16625146102089616
    ],
    [
      -0.1662308001480275,
      0.16623080014802716
    ],
    [
      -0.16985130966838602,
      0.16985130966838666
    ],
    [
      -0.1635695079962868,
      0.16356950799628725
    ],
    [
      0.5005759681333221,
      -0.5005759681333222
    ],
    [
      0.4251155051427808,
      -0.42511550514278007
    ],
    [
      -0.1696540752490729,
      0.1696540752490718
    ],
    [
      -0.21038795397705534,
      0.2103879539770563
    ],
    [
      0.5080622659652461,
      -0.5080622659652464
    ],
    [
      0.48531078987329856,
      -0.4853107898732994
    ],
    [
      -0.15956314361209228,
      0.1595631436120918
    ],
    [
      -0.1446542493411955,
      0.14465424934119533
    ],
    [
      -0.1680362260846552,
      0.168036226084655
    ],
    [
      -0.1594660152443488,
      0.15946601524435008
    ],
    [
      -0.15171341551724127,
      0.1517134155172411
    ]
  ],
  "feature_names": [
    "feature_0",
    "feature_1"
  ],
  "base_values": [
    [
      0.3041062047422972,
      0.6958937952577029
    ],
    [
      0.3041062047422972,
      0.6958937952577029
    ],
    [
      0.3041062047422972,
      0.6958937952577029
    ],
    [
      0.3041062047422972,
      0.6958937952577029
    ],
    [
      0.3041062047422972,
      0.6958937952577029
    ],
    [
      0.3041062047422972,
      0.6958937952577029
    ],
    [
      0.3041062047422972,
      0.6958937952577029
    ],
    [
      0.3041062047422972,
      0.6958937952577029
    ],
    [
      0.3041062047422972,
      0.6958937952577029
    ],
    [
      0.3041062047422972,
      0.6958937952577029
    ],
    [
      0.3041062047422972,
      0.6958937952577029
    ],
    [
      0.3041062047422972,
      0.6958937952577029
    ],
    [
      0.3041062047422972,
      0.6958937952577029
    ],
    [
      0.3041062047422972,
      0.6958937952577029
    ],
    [
      0.3041062047422972,
      0.6958937952577029
    ],
    [
      0.3041062047422972,
      0.6958937952577029
    ],
    [
      0.3041062047422972,
      0.6958937952577029
    ],
    [
      0.3041062047422972,
      0.6958937952577029
    ],
    [
      0.3041062047422972,
      0.6958937952577029
    ],
    [
      0.3041062047422972,
      0.6958937952577029
    ],
    [
      0.3041062047422972,
      0.6958937952577029
    ],
    [
      0.3041062047422972,
      0.6958937952577029
    ],
    [
      0.3041062047422972,
      0.6958937952577029
    ],
    [
      0.3041062047422972,
      0.6958937952577029
    ],
    [
      0.3041062047422972,
      0.6958937952577029
    ],
    [
      0.3041062047422972,
      0.6958937952577029
    ],
    [
      0.3041062047422972,
      0.6958937952577029
    ],
    [
      0.3041062047422972,
      0.6958937952577029
    ],
    [
      0.3041062047422972,
      0.6958937952577029
    ],
    [
      0.3041062047422972,
      0.6958937952577029
    ],
    [
      0.3041062047422972,
      0.6958937952577029
    ],
    [
      0.3041062047422972,
      0.6958937952577029
    ],
    [
      0.3041062047422972,
      0.6958937952577029
    ],
    [
      0.3041062047422972,
      0.6958937952577029
    ],
    [
      0.3041062047422972,
      0.6958937952577029
    ],
    [
      0.3041062047422972,
      0.6958937952577029
    ],
    [
      0.3041062047422972,
      0.6958937952577029
    ],
    [
      0.3041062047422972,
      0.6958937952577029
    ],
    [
      0.3041062047422972,
      0.6958937952577029
    ],
    [
      0.3041062047422972,
      0.6958937952577029
    ],
    [
      0.3041062047422972,
      0.6958937952577029
    ],
    [
      0.3041062047422972,
      0.6958937952577029
    ],
    [
      0.3041062047422972,
      0.6958937952577029
    ],
    [
      0.3041062047422972,
      0.6958937952577029
    ],
    [
      0.3041062047422972,
      0.6958937952577029
    ],
    [
      0.3041062047422972,
      0.6958937952577029
    ],
    [
      0.3041062047422972,
      0.6958937952577029
    ],
    [
      0.3041062047422972,
      0.6958937952577029
    ],
    [
      0.3041062047422972,
      0.6958937952577029
    ],
    [
      0.3041062047422972,
      0.6958937952577029
    ]
  ]
}