{
  "indices": [
    65,
    170,
    12,
    110,
    176,
    213,
    113,
    159,
    175,
    189,
    126,
    173,
    77,
    171,
    24,
    157,
    63,
    248,
    31,
    7,
    149,
    73,
    234,
    20,
    202,
    146,
    197,
    203,
    72,
    216,
    122,
    162,
    97,
    163,
    115,
    215,
    226,
    22,
    187,
    59,
    222,
    223,
    54,
    108,
    172,
    100,
    230,
    95,
    14,
    152
  ],
  "shap_values": [
    [
      -0.5081416964530945,
      3.0748825073242188,
      1.997723937034607,
      -0.678401529788971
    ],
    [
      -0.9113425016403198,
      3.2439486980438232,
      3.87815523147583,
      -0.4350827634334564
    ],
    [
      0.263623982667923,
      3.4602010250091553,
      3.8665199279785156,
      -0.33273616433143616
    ],
    [
      -0.1333581954240799,
      -3.988341808319092,
      -3.590358018875122,
      0.5356737375259399
    ],
    [
      -0.07756119966506958,
      -3.9798476696014404,
      -3.5557477474212646,
      0.09248701483011246
    ],
    [
      0.6438906788825989,
      -3.9024555683135986,
      -3.335406541824341,
      -0.5183860063552856
    ],
    [
      -0.11757924407720566,
      -3.8138091564178467,
      -3.603482723236084,
      0.2529757022857666
    ],
    [
      0.27096089720726013,
      3.538550615310669,
      3.8108749389648438,
      0.4953700006008148
    ],
    [
      0.263623982667923,
      3.4602010250091553,
      3.8665199279785156,
      -0.33273616433143616
    ],
    [
      0.263623982667923,
      3.4602010250091553,
      3.8665199279785156,
      -0.33273616433143616
    ],
    [
      0.263623982667923,
      3.4602010250091553,
      3.8665199279785156,
      -0.33273616433143616
    ],
    [
      0.26402661204338074,
      3.48833966255188,
      3.87815523147583,
      -0.4350827634334564
    ],
    [
      0.25491657853126526,
      3.476850986480713,
      2.496288776397705,
      0.3729308247566223
    ],
    [
      -0.11757924407720566,
      -3.8138091564178467,
      -3.603482723236084,
      0.2529757022857666
    ],
    [
      -0.07756119966506958,
      -3.9721832275390625,
      -3.5557477474212646,
      -0.08480207622051239
    ],
    [
      -0.1333581954240799,
      -3.972470998764038,
      -3.590358018875122,
      0.5198029279708862
    ],
    [
      -0.07756119966506958,
      -3.9667656421661377,
      -3.5557477474212646,
      -0.1395147740840912
    ],
    [
      -0.11757924407720566,
      -3.8138091564178467,
      -3.603482723236084,
      0.2529757022857666
    ],
    [
      -0.11757924407720566,
      -3.8138091564178467,
      -3.603482723236084,
      0.2529757022857666
    ],
    [
      0.26402661204338074,
      3.48833966255188,
      3.87815523147583,
      -0.4350827634334564
    ],
    [
      -0.08142493665218353,
      -3.7415318489074707,
      -3.47064471244812,
      -0.28350988030433655
    ],
    [
      0.22636370360851288,
      3.4332611560821533,
      3.813812017440796,
      0.19017748534679413
    ],
    [
      -0.20433472096920013,
      2.064202070236206,
      2.7983970642089844,
      -0.4373813271522522
    ],
    [
      -0.11757924407720566,
      -3.8138091564178467,
      -3.603482723236084,
      0.2529757022857666
    ],
    [
      -0.1333581954240799,
      -3.9809460639953613,
      -3.590358018875122,
      0.5282777547836304
    ],
    [
      0.26336678862571716,
      3.48833966255188,
      3.8782882690429688,
      -0.4345560073852539
    ],
    [
      0.28184428811073303,
      3.5106472969055176,
      3.9344539642333984,
      0.015405057929456234
    ],
    [
      0.6763103604316711,
      -3.7415318489074707,
      -3.287184715270996,
      -0.4477035105228424
    ],
    [
      -0.11757924407720566,
      -3.8138091564178467,
      -3.603482723236084,
      0.2529757022857666
    ],
    [
      -0.11757924407720566,
      -3.8138091564178467,
      -3.603482723236084,
      0.2529757022857666
    ],
    [
      -0.9324202537536621,
      2.98313570022583,
      3.901968479156494,
      -0.4059285521507263
    ],
    [
      0.11670318245887756,
      3.0268282890319824,
      -2.4225013256073,
      0.5406112670898438
    ],
    [
      -0.11757924407720566,
      -3.8138091564178467,
      -3.603482723236084,
      0.2529757022857666
    ],
    [
      0.26402661204338074,
      3.48833966255188,
      3.87815523147583,
      -0.4350827634334564
    ],
    [
      0.2591542601585388,
      3.541167974472046,
      3.7867026329040527,
      0.5624306201934814
    ],
    [
      0.22636370360851288,
      3.4332611560821533,
      3.813812017440796,
      0.19017748534679413
    ],
    [
      -0.11757924407720566,
      -3.8138091564178467,
      -3.603482723236084,
      0.2529757022857666
    ],
    [
      0.277444988489151,
      3.5000321865081787,
      3.901968479156494,
      -0.48400816321372986
    ],
    [
      -0.07655525207519531,
      -3.723768472671509,
      -3.5062766075134277,
      -0.5999354124069214
    ],
    [
      -0.9624688029289246,
      2.940655469894409,
      3.8771963119506836,
      0.14800427854061127
    ],
    [
      0.28184428811073303,
      3.5280098915100098,
      3.894925594329834,
      0.10259609669446945
    ],
    [
      0.22636370360851288,
      3.4332611560821533,
      3.813812017440796,
      0.19017748534679413
    ],
    [
      0.22636370360851288,
      3.4332611560821533,
      3.813812017440796,
      0.19017748534679413
    ],
    [
      -0.11757924407720566,
      -3.8138091564178467,
      -3.603482723236084,
      0.2529757022857666
    ],
    [
      -0.1410316377878189,
      -3.988341808319092,
      -3.5857174396514893,
      0.25480788946151733
    ],
    [
      0.2702273428440094,
      3.538550615310669,
      3.8929715156555176,
      0.36901479959487915
    ],
    [
      -0.11757924407720566,
      -3.8138091564178467,
      -3.603482723236084,
      0.2529757022857666
    ],
    [
      -0.14861993491649628,
      -3.988341808319092,
      -3.5982186794281006,
      0.3023977279663086
    ],
    [
      -0.11757924407720566,
      -3.8138091564178467,
      -3.603482723236084,
      0.2529757022857666
    ],
    [
      -0.11757924407720566,
      -3.8138091564178467,
      -3.603482723236084,
      0.2529757022857666
    ]
  ],
  "feature_names": [
    "num__open",
    "num__high",
    "num__low",
    "num__volume"
  ],
  "base_values": [
    -0.004683459177613258,
    -0.004683459177613258,
    -0.004683459177613258,
    -0.004683459177613258,
    -0.004683459177613258,
    -0.004683459177613258,
    -0.004683459177613258,
    -0.004683459177613258,
    -0.004683459177613258,
    -0.004683459177613258,
    -0.004683459177613258,
    -0.004683459177613258,
    -0.004683459177613258,
    -0.004683459177613258,
    -0.004683459177613258,
    -0.004683459177613258,
    -0.004683459177613258,
    -0.004683459177613258,
    -0.004683459177613258,
    -0.004683459177613258,
    -0.004683459177613258,
    -0.004683459177613258,
    -0.004683459177613258,
    -0.004683459177613258,
    -0.004683459177613258,
    -0.004683459177613258,
    -0.004683459177613258,
    -0.004683459177613258,
    -0.004683459177613258,
    -0.004683459177613258,
    -0.004683459177613258,
    -0.004683459177613258,
    -0.004683459177613258,
    -0.004683459177613258,
    -0.004683459177613258,
    -0.004683459177613258,
    -0.004683459177613258,
    -0.004683459177613258,
    -0.004683459177613258,
    -0.004683459177613258,
    -0.004683459177613258,
    -0.004683459177613258,
    -0.004683459177613258,
    -0.004683459177613258,
    -0.004683459177613258,
    -0.004683459177613258,
    -0.004683459177613258,
    -0.004683459177613258,
    -0.004683459177613258,
    -0.004683459177613258
  ]
}