{
  "indices": [
    126,
    116,
    131,
    62,
    21,
    120,
    114,
    205,
    200,
    144,
    140,
    33,
    161,
    3,
    159,
    139,
    98,
    57,
    145,
    100,
    22,
    208,
    1,
    192,
    101,
    182,
    229,
    63,
    49,
    34,
    206,
    217,
    158,
    227,
    153,
    129,
    53,
    107,
    66,
    27,
    218,
    128,
    85,
    31,
    248,
    239,
    207,
    36,
    185,
    230
  ],
  "shap_values": [
    [
      -0.24153037497440133,
      0.24153037497440136
    ],
    [
      0.2311402844750092,
      -0.23114028447500967
    ],
    [
      0.23912886616911105,
      -0.23912886616911147
    ],
    [
      -0.24153028481246075,
      0.24153028481246072
    ],
    [
      0.23166864683548455,
      -0.23166864683548496
    ],
    [
      0.23897528998899775,
      -0.23897528998899822
    ],
    [
      -0.24505418049338643,
      0.24505418049338643
    ],
    [
      0.23912886616911105,
      -0.23912886616911147
    ],
    [
      -0.24513350246842178,
      0.24513350246842183
    ],
    [
      0.23560350336091745,
      -0.23560350336091798
    ],
    [
      -0.24153032746744385,
      0.24153032746744388
    ],
    [
      -0.24418808025647076,
      0.2441880802564708
    ],
    [
      -0.24390396291845623,
      0.24390396291845626
    ],
    [
      0.23281873773692247,
      -0.23281873773692288
    ],
    [
      -0.24507333269223483,
      0.24507333269223489
    ],
    [
      0.23166864683548455,
      -0.23166864683548496
    ],
    [
      -0.24418799009453013,
      0.24418799009453016
    ],
    [
      -0.24507481209937773,
      0.24507481209937773
    ],
    [
      -0.24171320304690616,
      0.24171320304690594
    ],
    [
      -0.24506774037848275,
      0.24506774037848286
    ],
    [
      -0.24151337488862595,
      0.2415133748886261
    ],
    [
      0.23538983239103994,
      -0.23538983239104047
    ],
    [
      -0.24153032746744385,
      0.24153032746744388
    ],
    [
      -0.24504807983590896,
      0.24504807983590896
    ],
    [
      -0.24507481209937773,
      0.24507481209937773
    ],
    [
      -0.24174117980809973,
      0.24174117980809975
    ],
    [
      0.23166864683548455,
      -0.23166864683548496
    ],
    [
      0.23560350336091745,
      -0.23560350336091798
    ],
    [
      -0.24506765021654212,
      0.24506765021654223
    ],
    [
      -0.24153037497440133,
      0.24153037497440136
    ],
    [
      0.23281873773692247,
      -0.23281873773692288
    ],
    [
      0.23190906652523152,
      -0.231909066525232
    ],
    [
      -0.24418799009453013,
      0.24418799009453016
    ],
    [
      0.23898293094673806,
      -0.23898293094673848
    ],
    [
      -0.2442368015918136,
      0.24423680159181363
    ],
    [
      -0.24194482266272727,
      0.24194482266272732
    ],
    [
      0.23326019353999872,
      -0.23326019353999908
    ],
    [
      0.23166864683548455,
      -0.23166864683548496
    ],
    [
      0.23166864683548455,
      -0.23166864683548496
    ],
    [
      -0.2416604646984517,
      0.2416604646984518
    ],
    [
      -0.245054270655327,
      0.24505427065532706
    ],
    [
      0.23347480422908096,
      -0.23347480422908137
    ],
    [
      -0.24119983095554048,
      0.24119983095554057
    ],
    [
      0.23326019353999872,
      -0.23326019353999908
    ],
    [
      0.2311402844750092,
      -0.23114028447500967
    ],
    [
      0.23281873773692247,
      -0.23281873773692288
    ],
    [
      -0.2450615495590647,
      0.24506154955906476
    ],
    [
      0.23111061139293296,
      -0.23111061139293343
    ],
    [
      0.2381425863962284,
      -0.2381425863962287
    ],
    [
      0.23166864683548455,
      -0.23166864683548496
    ]
  ],
  "feature_names": [
    "feature_0",
    "feature_1"
  ],
  "base_values": [
    [
      0.5007199602780537,
      0.49928003972194673
    ],
    [
      0.5007199602780537,
      0.49928003972194673
    ],
    [
      0.5007199602780537,
      0.49928003972194673
    ],
    [
      0.5007199602780537,
      0.49928003972194673
    ],
    [
      0.5007199602780537,
      0.49928003972194673
    ],
    [
      0.5007199602780537,
      0.49928003972194673
    ],
    [
      0.5007199602780537,
      0.49928003972194673
    ],
    [
      0.5007199602780537,
      0.49928003972194673
    ],
    [
      0.5007199602780537,
      0.49928003972194673
    ],
    [
      0.5007199602780537,
      0.49928003972194673
    ],
    [
      0.5007199602780537,
      0.49928003972194673
    ],
    [
      0.5007199602780537,
      0.49928003972194673
    ],
    [
      0.5007199602780537,
      0.49928003972194673
    ],
    [
      0.5007199602780537,
      0.49928003972194673
    ],
    [
      0.5007199602780537,
      0.49928003972194673
    ],
    [
      0.5007199602780537,
      0.49928003972194673
    ],
    [
      0.5007199602780537,
      0.49928003972194673
    ],
    [
      0.5007199602780537,
      0.49928003972194673
    ],
    [
      0.5007199602780537,
      0.49928003972194673
    ],
    [
      0.5007199602780537,
      0.49928003972194673
    ],
    [
      0.5007199602780537,
      0.49928003972194673
    ],
    [
      0.5007199602780537,
      0.49928003972194673
    ],
    [
      0.5007199602780537,
      0.49928003972194673
    ],
    [
      0.5007199602780537,
      0.49928003972194673
    ],
    [
      0.5007199602780537,
      0.49928003972194673
    ],
    [
      0.5007199602780537,
      0.49928003972194673
    ],
    [
      0.5007199602780537,
      0.49928003972194673
    ],
    [
      0.5007199602780537,
      0.49928003972194673
    ],
    [
      0.5007199602780537,
      0.49928003972194673
    ],
    [
      0.5007199602780537,
      0.49928003972194673
    ],
    [
      0.5007199602780537,
      0.49928003972194673
    ],
    [
      0.5007199602780537,
      0.49928003972194673
    ],
    [
      0.5007199602780537,
      0.49928003972194673
    ],
    [
      0.5007199602780537,
      0.49928003972194673
    ],
    [
      0.5007199602780537,
      0.49928003972194673
    ],
    [
      0.5007199602780537,
      0.49928003972194673
    ],
    [
      0.5007199602780537,
      0.49928003972194673
    ],
    [
      0.5007199602780537,
      0.49928003972194673
    ],
    [
      0.5007199602780537,
      0.49928003972194673
    ],
    [
      0.5007199602780537,
      0.49928003972194673
    ],
    [
      0.5007199602780537,
      0.49928003972194673
    ],
    [
      0.5007199602780537,
      0.49928003972194673
    ],
    [
      0.5007199602780537,
      0.49928003972194673
    ],
    [
      0.5007199602780537,
      0.49928003972194673
    ],
    [
      0.5007199602780537,
      0.49928003972194673
    ],
    [
      0.5007199602780537,
      0.49928003972194673
    ],
    [
      0.5007199602780537,
      0.49928003972194673
    ],
    [
      0.5007199602780537,
      0.49928003972194673
    ],
    [
      0.5007199602780537,
      0.49928003972194673
    ],
    [
      0.5007199602780537,
      0.49928003972194673
    ]
  ]
}