{
  "indices": [
    30597,
    36031,
    19853,
    1921,
    2984,
    16330,
    33453,
    1331,
    21175,
    4222,
    4092,
    27483,
    20811,
    34380,
    15763,
    22012,
    6734,
    29605,
    20713,
    33314,
    13165,
    31760,
    18520,
    3070,
    22414,
    8655,
    30834,
    12666,
    26613,
    14893,
    1069,
    35457,
    29633,
    20173,
    27999,
    27129,
    16863,
    20235,
    25988,
    9884,
    16595,
    25642,
    33311,
    26491,
    29715,
    25008,
    35791,
    4105,
    34794,
    32600
  ],
  "shap_values": [
    [
      -0.34886034463883836,
      -0.46618064454864117
    ],
    [
      -0.34886034463883836,
      -0.46618064454864117
    ],
    [
      -0.34886034463883836,
      -0.46618064454864117
    ],
    [
      0.05836962964774331,
      -0.46618064454864117
    ],
    [
      -0.0773736951144506,
      0.7642081533803238
    ],
    [
      -0.34886034463883836,
      -0.32947077811208947
    ],
    [
      5.759589269659887,
      6.369312677278943
    ],
    [
      -0.34886034463883836,
      -0.46618064454864117
    ],
    [
      0.05836962964774331,
      -0.46618064454864117
    ],
    [
      -0.2131170198766445,
      -0.46618064454864117
    ],
    [
      -0.2131170198766445,
      -0.46618064454864117
    ],
    [
      -0.2131170198766445,
      -0.32947077811208947
    ],
    [
      0.46559960393432503,
      1.037627886253427
    ],
    [
      -0.34886034463883836,
      -0.46618064454864117
    ],
    [
      -0.0773736951144506,
      -0.46618064454864117
    ],
    [
      -0.34886034463883836,
      -0.46618064454864117
    ],
    [
      -0.34886034463883836,
      -0.46618064454864117
    ],
    [
      -0.34886034463883836,
      -0.46618064454864117
    ],
    [
      -0.0773736951144506,
      0.2173686876341172
    ],
    [
      -0.2131170198766445,
      -0.46618064454864117
    ],
    [
      0.05836962964774331,
      -0.32947077811208947
    ],
    [
      -0.34886034463883836,
      -0.46618064454864117
    ],
    [
      -0.34886034463883836,
      -0.46618064454864117
    ],
    [
      -0.34886034463883836,
      0.08065882119756554
    ],
    [
      -0.34886034463883836,
      0.9009180198168755
    ],
    [
      -0.34886034463883836,
      -0.46618064454864117
    ],
    [
      -0.34886034463883836,
      -0.46618064454864117
    ],
    [
      0.7370862534587128,
      -0.46618064454864117
    ],
    [
      0.3298562791721311,
      -0.46618064454864117
    ],
    [
      -0.2131170198766445,
      -0.46618064454864117
    ],
    [
      -0.34886034463883836,
      -0.46618064454864117
    ],
    [
      -0.34886034463883836,
      -0.46618064454864117
    ],
    [
      -0.34886034463883836,
      -0.32947077811208947
    ],
    [
      1.4158028772696822,
      0.3540785540706689
    ],
    [
      -0.34886034463883836,
      -0.32947077811208947
    ],
    [
      -0.34886034463883836,
      -0.46618064454864117
    ],
    [
      -0.34886034463883836,
      -0.46618064454864117
    ],
    [
      -0.34886034463883836,
      -0.46618064454864117
    ],
    [
      -0.2131170198766445,
      -0.46618064454864117
    ],
    [
      -0.34886034463883836,
      -0.46618064454864117
    ],
    [
      -0.0773736951144506,
      0.9009180198168755
    ],
    [
      -0.34886034463883836,
      -0.46618064454864117
    ],
    [
      -0.34886034463883836,
      -0.46618064454864117
    ],
    [
      -0.34886034463883836,
      -0.46618064454864117
    ],
    [
      -0.34886034463883836,
      -0.46618064454864117
    ],
    [
      -0.34886034463883836,
      -0.46618064454864117
    ],
    [
      -0.34886034463883836,
      -0.46618064454864117
    ],
    [
      -0.0773736951144506,
      -0.32947077811208947
    ],
    [
      -0.2131170198766445,
      -0.46618064454864117
    ],
    [
      -0.34886034463883836,
      -0.46618064454864117
    ]
  ],
  "feature_names": [
    "num__nkill",
    "num__nwound"
  ],
  "base_values": [
    2.595461770628396,
    2.595461770628396,
    2.595461770628396,
    2.595461770628396,
    2.595461770628396,
    2.595461770628396,
    2.595461770628396,
    2.595461770628396,
    2.595461770628396,
    2.595461770628396,
    2.595461770628396,
    2.595461770628396,
    2.595461770628396,
    2.595461770628396,
    2.595461770628396,
    2.595461770628396,
    2.595461770628396,
    2.595461770628396,
    2.595461770628396,
    2.595461770628396,
    2.595461770628396,
    2.595461770628396,
    2.595461770628396,
    2.595461770628396,
    2.595461770628396,
    2.595461770628396,
    2.595461770628396,
    2.595461770628396,
    2.595461770628396,
    2.595461770628396,
    2.595461770628396,
    2.595461770628396,
    2.595461770628396,
    2.595461770628396,
    2.595461770628396,
    2.595461770628396,
    2.595461770628396,
    2.595461770628396,
    2.595461770628396,
    2.595461770628396,
    2.595461770628396,
    2.595461770628396,
    2.595461770628396,
    2.595461770628396,
    2.595461770628396,
    2.595461770628396,
    2.595461770628396,
    2.595461770628396,
    2.595461770628396,
    2.595461770628396
  ]
}