{
  "indices": [
    154,
    73,
    236,
    86,
    14,
    39,
    232,
    89,
    17,
    85,
    132,
    173,
    165,
    188,
    213,
    25,
    119,
    208,
    231,
    52,
    61,
    56,
    224,
    149,
    79,
    48,
    210,
    251,
    126,
    219,
    93,
    209,
    169,
    237,
    43,
    4,
    245,
    246,
    111,
    46,
    142,
    163,
    62,
    151,
    18,
    96,
    22,
    136,
    243,
    91
  ],
  "shap_values": [
    [
      8.083145125266762,
      9.114466049489245,
      9.090989311647874,
      -0.021729964544063354
    ],
    [
      4.3739935382348705,
      4.8059609519422954,
      4.55363053082703,
      0.01853011678371689
    ],
    [
      0.7302523007668165,
      0.9847527825092797,
      0.9331547468848226,
      -0.006269346368855641
    ],
    [
      3.2633001515233846,
      3.5691413294126493,
      3.7251561588418296,
      -0.022508866423629103
    ],
    [
      -4.814980624080816,
      -5.2102773579983985,
      -5.215536779352536,
      0.03041847396358743
    ],
    [
      -0.5599989082767816,
      -0.5157216295717475,
      -0.48138325141004684,
      -0.014797325362315043
    ],
    [
      0.7533383064952315,
      0.7303866440803053,
      0.7777266805399221,
      0.005814381186214391
    ],
    [
      5.975905824612059,
      6.793732292137255,
      6.765272098725564,
      -0.024087634123181764
    ],
    [
      3.179934019726332,
      3.524127097050219,
      3.641025370636796,
      -0.024732878169375586
    ],
    [
      1.8948130341779363,
      2.096532870698841,
      2.200820352211575,
      -0.017896346479217617
    ],
    [
      -4.380373740684679,
      -4.975717481808895,
      -4.7620860903830105,
      -0.004597490402041768
    ],
    [
      1.8973781459255392,
      2.033655847716398,
      2.16659765870444,
      -0.019375251148677
    ],
    [
      -4.649351358538182,
      -5.251518968981883,
      -5.055616984484825,
      -0.00031587475437058196
    ],
    [
      -1.851532673194179,
      -2.0628250702872526,
      -1.9957374391007239,
      -0.01787893718793006
    ],
    [
      -0.54332568191737,
      -0.6772012567766573,
      -0.588186574063562,
      -0.014686362984430526
    ],
    [
      -0.5998863959519852,
      -0.7300751170118941,
      -0.6667561745736885,
      -0.008075147634164098
    ],
    [
      5.398755681401702,
      5.986334156112703,
      6.053725262889736,
      -0.026078865522343314
    ],
    [
      -1.9656801459624498,
      -2.223404412844914,
      -2.089849846245342,
      -0.0134327872629821
    ],
    [
      -4.134315396295995,
      -4.649900180899873,
      -4.494920929737319,
      0.0060634764393217
    ],
    [
      0.3454855386265786,
      0.4345788314129038,
      0.5025191869200525,
      -0.007235198080934579
    ],
    [
      -0.43815610026570584,
      -0.3085132583796052,
      -0.36588166082346957,
      0.0016984622844299973
    ],
    [
      -5.193514164674383,
      -5.812096209335356,
      -5.861276227465269,
      0.046791640924696
    ],
    [
      3.754519051189086,
      4.5130111857740935,
      4.284126819458353,
      -0.014194278170177708
    ],
    [
      -0.6613208223070431,
      -0.7700877680007218,
      -0.6667561745736885,
      -0.020642331006559655
    ],
    [
      0.7199918537764102,
      0.7575380858227254,
      0.4597408200361354,
      -0.02540727639036222
    ],
    [
      -6.620626911011262,
      -7.476093751868222,
      -7.40232411609151,
      0.02039113236610666
    ],
    [
      0.6007141575129358,
      0.9618884105156643,
      0.7107072390884518,
      0.028725127877502175
    ],
    [
      4.244455394980988,
      4.7716643939518715,
      4.820282351070117,
      -0.02561972992682708
    ],
    [
      4.474032896391333,
      4.956008393150396,
      5.024192566550124,
      -0.02260215642080095
    ],
    [
      -3.539940527700495,
      -3.9360030360967118,
      -3.822188332120834,
      0.006146449632647299
    ],
    [
      -5.926225509818036,
      -6.621737911861783,
      -6.465064357120508,
      0.015302225556654721
    ],
    [
      7.479061308706588,
      8.461402424421596,
      8.259663048537078,
      -0.008827856565916852
    ],
    [
      7.505994982056405,
      8.55143088914646,
      8.368034911309667,
      -0.020766362120487963
    ],
    [
      -5.09108925259265,
      -5.7173805483518025,
      -5.557763714423874,
      0.028198355605116156
    ],
    [
      -4.808747402534144,
      -5.397279340441185,
      -5.233047390863686,
      0.014888624604674645
    ],
    [
      -4.771732840016254,
      -5.335216860711013,
      -5.154420752531046,
      0.005956520921787112
    ],
    [
      1.8614665814591167,
      2.1051070101964466,
      2.1808571143324134,
      -0.013085242770238526
    ],
    [
      6.18624498791539,
      6.788016199138854,
      6.7495866975347925,
      -0.004500688623342333
    ],
    [
      -1.8245989998443632,
      -2.1133696226256395,
      -1.9586628544679947,
      -0.020483741037316178
    ],
    [
      -6.783421728072796,
      -7.620225036822976,
      -7.476672917735759,
      0.038432088755247285
    ],
    [
      -4.088682058306166,
      -4.508226815934431,
      -4.407225277625289,
      0.052516903056154536
    ],
    [
      0.9309722950166402,
      0.9776076662612749,
      1.088582813229721,
      -0.019480093545397714
    ],
    [
      0.7007535156693977,
      0.754680039323522,
      0.9160434001312551,
      -0.0224619532923703
    ],
    [
      0.5506944784347065,
      0.5817682261218046,
      0.5481494449295654,
      -0.005817149441723864
    ],
    [
      -3.4712340095409875,
      -3.9280433765964338,
      -3.823001121091627,
      0.009069898483996341
    ],
    [
      -1.7502107591639176,
      -1.510321811294027,
      -1.8574207195093912,
      -0.02266886850224701
    ],
    [
      1.191972415335103,
      1.3105700834183025,
      1.437939476115047,
      -0.016713634272667803
    ],
    [
      -6.91764120026605,
      -7.807012665778321,
      -7.707676098908913,
      0.035019573473433256
    ],
    [
      -4.706514873833483,
      -5.273668829350698,
      -5.113681487801928,
      0.013537924336669773
    ],
    [
      -6.04531082270044,
      -6.722798436073564,
      -6.57018506400992,
      0.02434130240844402
    ]
  ],
  "feature_names": [
    "num__open",
    "num__high",
    "num__low",
    "num__volume"
  ],
  "base_values": [
    1.2830087357240325,
    1.2830087357240325,
    1.2830087357240325,
    1.2830087357240325,
    1.2830087357240325,
    1.2830087357240325,
    1.2830087357240325,
    1.2830087357240325,
    1.2830087357240325,
    1.2830087357240325,
    1.2830087357240325,
    1.2830087357240325,
    1.2830087357240325,
    1.2830087357240325,
    1.2830087357240325,
    1.2830087357240325,
    1.2830087357240325,
    1.2830087357240325,
    1.2830087357240325,
    1.2830087357240325,
    1.2830087357240325,
    1.2830087357240325,
    1.2830087357240325,
    1.2830087357240325,
    1.2830087357240325,
    1.2830087357240325,
    1.2830087357240325,
    1.2830087357240325,
    1.2830087357240325,
    1.2830087357240325,
    1.2830087357240325,
    1.2830087357240325,
    1.2830087357240325,
    1.2830087357240325,
    1.2830087357240325,
    1.2830087357240325,
    1.2830087357240325,
    1.2830087357240325,
    1.2830087357240325,
    1.2830087357240325,
    1.2830087357240325,
    1.2830087357240325,
    1.2830087357240325,
    1.2830087357240325,
    1.2830087357240325,
    1.2830087357240325,
    1.2830087357240325,
    1.2830087357240325,
    1.2830087357240325,
    1.2830087357240325
  ]
}